{
  "epoch": 4,
  "train": {
    "accuracy": 0.9900833333333333,
    "precision": 0.9900111463949204,
    "recall": 0.9900191388111012,
    "f1": 0.9900147643929751,
    "loss": 0.030806339719226764
  },
  "validation": {
    "accuracy": 0.9918,
    "precision": 0.991730444280288,
    "recall": 0.9917075801729054,
    "f1": 0.9917068209561652,
    "loss": 0.02341048252037291
  },
  "learning_rate": 0.001
}