{
  "epoch": 9,
  "train": {
    "accuracy": 0.9983166666666666,
    "precision": 0.9983216894729555,
    "recall": 0.9983205565755215,
    "f1": 0.9983209428641979,
    "loss": 0.00521215312729463
  },
  "validation": {
    "accuracy": 0.9941,
    "precision": 0.9940184738629678,
    "recall": 0.9940592304282172,
    "f1": 0.9940325841059827,
    "loss": 0.021607275095816697
  },
  "learning_rate": 0.0001
}