{
  "epoch": 8,
  "train": {
    "accuracy": 0.9974166666666666,
    "precision": 0.9974033919837829,
    "recall": 0.9973954511550476,
    "f1": 0.9973993187567769,
    "loss": 0.008265263550142595
  },
  "validation": {
    "accuracy": 0.9938,
    "precision": 0.9937615686103957,
    "recall": 0.9937662429501458,
    "f1": 0.9937613492687735,
    "loss": 0.022297187486077303
  },
  "learning_rate": 0.0001
}