{
  "epoch": 1,
  "train": {
    "accuracy": 0.95,
    "precision": 0.9498294521551156,
    "recall": 0.9495328149047152,
    "f1": 0.9496573170876171,
    "loss": 0.16098777349638158
  },
  "validation": {
    "accuracy": 0.9835,
    "precision": 0.9834120336704999,
    "recall": 0.9835428159376362,
    "f1": 0.9833794311577257,
    "loss": 0.0496311559463083
  },
  "learning_rate": 0.001
}