{
  "epoch": 10,
  "train": {
    "accuracy": 0.9987333333333334,
    "precision": 0.9987311598788242,
    "recall": 0.9987322860395855,
    "f1": 0.9987316284738579,
    "loss": 0.004171601724137804
  },
  "validation": {
    "accuracy": 0.9946,
    "precision": 0.9945405811361498,
    "recall": 0.9945501836654842,
    "f1": 0.994542081446899,
    "loss": 0.021532913794253386
  },
  "learning_rate": 0.0001
}