{
  "epoch": 2,
  "train": {
    "accuracy": 0.9839666666666667,
    "precision": 0.9838382498173953,
    "recall": 0.9838388653940919,
    "f1": 0.9838371945536546,
    "loss": 0.05214333774924436
  },
  "validation": {
    "accuracy": 0.9874,
    "precision": 0.9874330256984253,
    "recall": 0.9872618472031943,
    "f1": 0.9873195971867801,
    "loss": 0.03729378601254756
  },
  "learning_rate": 0.001
}