{
  "epoch": 3,
  "train": {
    "accuracy": 0.98815,
    "precision": 0.9880710312450424,
    "recall": 0.9880663983338938,
    "f1": 0.9880684108171621,
    "loss": 0.03754131244412357
  },
  "validation": {
    "accuracy": 0.9896,
    "precision": 0.9895734766437171,
    "recall": 0.9894843863042532,
    "f1": 0.9895062579906287,
    "loss": 0.030011879754108416
  },
  "learning_rate": 0.001
}